interceptquad,slopequad,slopequad2
32.67666666666667,6.852857142857144,-0.8798319327731094
33.72666666666667,3.0457142857142863,-0.19495798319327737
34.51433376519124,4.17379974619265,-0.30841762776375603
33.07746696336763,-0.2178101750599312,-0.11174833901585671
33.513784070414005,2.656266852172857,-0.19101419634149683
27.983709605726695,2.666260871872775,-0.2019000484300048
38.48723262691767,4.625612423238171,-0.49305840742898355
27.034155474533513,6.108103638315993,-0.522802381884334
22.08820658287929,4.276536752308477,-0.37483781634697455
32.297476806197515,2.440970836796568,-0.16623907363161536
37.8491466936333,1.0403106344141142,-0.08806489431170147
28.829976088277196,3.479987319110136,-0.22089295073313142
22.943581413113634,4.4004118919830795,-0.3206900375403621
29.556666666666647,4.547142857142865,-0.6887955182072838
34.12327663579215,0.90009676523577975,0.06376459415939871
31.66708399241422,2.9276525853187865,-0.2816086343781006
36.98626900356451,3.6335137532685438,-0.3413244421782691
38.68515130620376,0.44365693224945774,-0.04109747514668413
29.732505252902246,3.834684982243908,-0.3156783375713534
24.039052301678318,9.916240023986278,-0.7937229783147662
31.98923793878029,1.9968373174193461,-0.5226360903432022
24.182166005927233,5.503805688582743,-0.4611218891303542
34.16236419932692,3.479305887136284,-0.29863685172741533
36.17151780137414,8.263772642098699,-1.4809494066208644
28.005291759980558,2.032694992375343,-0.16061797065956646
23.999999999999993,25.999999999999996,-19.999999999999993
34.995098238986465,2.7204574597846065,-0.23082820995686723
32.92813830699698,1.9411897669578375,-0.16060659766417548
41.65320230378978,2.302519781903851,-0.3468611954344999
26.72676852447705,5.042538793761155,-0.44278293406221597
24.97988399772019,10.314960717917774,-1.6061733775885396
35.31381553570127,4.705013405918313,-0.38908249307431936
35.40836976889445,13.401873828856958,-3.1130543410368503
32.46517067548959,2.192425395519607,-0.21352798846778248
28.807150012652464,7.046252076756341,-0.6093518245601726
37.02912008082414,4.427668697062245,-0.39217405232146396
30.050367679463516,3.3513786439787987,-0.22740019959606858
27.984884447220505,12.336914428482187,-2.5271705184259816
30.09126497088987,2.674007777233347,-0.19857913377580588
29.225752063013978,3.3665052017237653,-0.22725519390483248
29.893425552576467,4.370333970620782,-0.4110048010261543
31.53611399911482,2.6663793405747658,-0.16461368304030438
32.49957351267285,1.5106915634172378,-0.0437073690375882
32.22762434238026,3.9822965110493302,-0.31083438928436297
37.25426179308544,1.8026060271188986,-0.1793530850671615
31.03129890453833,8.817795662866097,-1.2474849094567422
30.70831157458174,0.04674917142989598,-0.03398914447589901
15.000000000000002,56.99999999999999,-37.999999999999986
48.718443965725605,1.3080949190195275,-0.1485284765588343
27.246818641476747,7.294551103133161,-0.6250730951891277
40.358849754201174,0.7148434649346775,-0.018118129407627383
36.52506181696872,2.3623341556640747,-0.22948809199994996
29.322172791814488,2.5153042607979446,-0.2166527189514853
28.91448692152916,4.689134808853124,-0.8672032193158961
28.64770251276855,2.6660499975832406,-0.21736068791458135
33.10798422186441,0.6995211968940295,-0.05222384708628552
35.44653412704205,3.6588148770152693,-0.2996045040852745
30.100213219616197,4.702558635394468,-0.9872068230277222
33.14286093385562,0.6927765367523028,-0.0964657469072556
37.68336886993604,12.200426439232396,-2.997867803837949
36.31627873695307,6.11578893995152,-0.6261431045055058
35.15948209274491,4.0362035614534975,-0.4410722460054715
29.209247003452674,2.716632342334737,-0.29145764838678745
30.970641560147538,1.0497208403506213,-0.11397068231338031
32.0255124719111,2.180430676380461,-0.12542518417144347
28.035107015147897,1.7093000774311395,-0.16427628417703546
32.1514527579988,2.774459759025174,-0.20454237435920206
34.73650191303261,2.7722709312872005,-0.17053617039021648
35.69887293615676,0.8492239352269932,-0.1441100678493944
29.202151142612944,5.989130537816234,-0.5284105242397235
44.273213942155074,1.5228502432399338,-0.15002402545276325
34.61916292858425,0.797061217990934,-0.051049585312154935
37.32801282494783,2.4258708160408426,-0.19875920620283094
29.585792190732736,4.5092851029872065,-0.3278256443986571
33.02165896441989,5.347649871087499,-0.45101745740708205
33.43745281475559,1.9910824156195064,-0.15918047632953194
34.10665352660563,3.4461022936447203,-0.38115125162381625
32.91140010103012,2.6595858713278218,-0.24021756540183126
34.81818181818182,12.181818181818171,-4.36363636363636
39.7632938469252,1.3751723719613866,-0.07393015653980325
42.553664426502515,1.6805510405816813,-0.3631786005718713
28.026666666666653,2.762380952380958,-0.3420168067226897
34.18197977312771,1.980898580365846,-0.24172259179191932
31.819887767490496,2.5026882917855646,-0.18880688748600838
36.568894440974404,5.228856964397242,-0.34103685196751843
34.93660550206562,2.582259927914163,-0.2662029643712485
30.626748242635294,4.907612893564867,-0.46954833096553816
37.20408745454356,3.536077510754587,-0.37819948423465877
26.524868949921864,5.3997953808579195,-0.386728283028363
31.542217506641343,2.4002398754277925,-0.20173893099529833
30.148272110287746,2.0024778913708277,-0.20484565423629802
26.785601029635178,3.6052490164728366,-0.2219819150418289
41.74367116500228,3.4934548411524178,-0.28763347868653205
34.03809147868844,2.6625637006210545,-0.236805666784503
41.124079853591674,3.9451125026181506,-0.400889557789506
26.226666666666663,7.56952380952381,-0.8896358543417368
42.80297564946913,-0.7580911754085576,0.05305218025060443
40.175247907605815,0.8803660398566532,-0.1374777160371548
32.36396553458275,5.425755188252258,-1.1700807992758246
28.446395281723323,5.3670430496308,-0.4288841859446832
40.006666666666675,-4.371904761904766,0.5100840336134459
30.686995004526096,5.487455437467185,-0.9387244219443261
34.72727272727272,5.272727272727282,-2.5454545454545494
38.15948446211895,3.1023057800405756,-0.26759710405627296
35.94196881714219,0.8112419216191994,0.012128351834986404
38.94307104994546,2.8529030992360154,-0.26905379521594913
33.29342541992153,-0.14533811647164552,0.1664934455359226
24.262745573772374,6.633664445457477,-0.5251689126752974
32.971269444268074,0.47589967501665037,0.03876011604246348
42.74313995134255,1.3824283430209088,-0.19894212187870466
35.02069079574009,4.298779488044605,-0.42006632351812173
40.554673779843476,-1.4326311140512464,0.08268641524133064
31.895431941626228,3.9975666528611065,-0.21313467237717335
35.21701665480402,0.5881184421649955,-0.04995398675614639
23.283582089552258,24.90298507462685,-5.985074626865666
25.999999999999986,70.00000000000004,-72.00000000000003
32.741136882529304,3.645067294961472,-0.3457362166403976
30.41258952679809,2.3428996020399357,-0.15569630690407155
42.4284088895123,4.3718813114200925,-0.513381750702045
33.935540287320435,7.870643347907552,-1.5621486570893182
30.057504707946244,1.4826632901506942,-0.12194125658330512
42.80931419890041,3.096745806918765,-0.3026117136166032
27.953279200499694,1.7686445971267883,-0.1748906933166755
26.262260127931775,23.147121535181235,-8.264392324093816
32.80031261838592,3.6299085384294543,-0.2570124251482705
34.54292026298158,1.060703362899957,-0.058102737953865
31.776264834478457,18.536477201748905,-5.067457838850718
30.32845304834762,2.6870354099216507,-0.2073993779467144
39.797908032272794,-0.8466071985374425,0.04260039748618972
27.000000000000007,47.999999999999986,-35.999999999999986
25.928554665236206,15.00807992758239,-2.445703557179737
24.109090909090913,16.29090909090909,-6.1818181818181825
34.0322137010897,1.3745196914564777,-0.11991239044826672
28.065219863694654,0.9247074533873023,-0.052184041602416915
34.9112015474856,-0.497961864450962,0.05892917561895218
35.29469081823862,7.055527795128034,-1.3835103060587113
29.01447574334897,8.127040017885093,-1.7079141515761243
31.559999999999974,4.581428571428578,-0.560504201680673
44.101240509472305,-0.18606789109599436,0.09373622801339417
31.756971883112147,1.8012327379254323,-0.14030390539184223
28.30531137839758,3.2509304531854277,-0.22606197713838322
20.467207995003136,14.813554028732034,-3.2510930668332274
27.158018725268295,3.0025810117757117,-0.30440339869031313
23.45894191914946,4.259160142145626,-0.3850662491788606
29.40263436483244,3.825999804763575,-0.2652163570210709
42.059587861602026,2.708824780998754,-0.22077827302960454
27.056214865708963,10.676764522173627,-1.9981261711430327
36.685203255283426,0.7643722025558439,-0.097716019271796975
40.04292162980801,4.579042658395632,-0.47748715683369014
25.36839475327919,15.631730168644605,-3.647720174890695
28.446985204499626,3.559718894276497,-0.2661342536778514
32.56315059210057,-0.6631859427263438,0.04139912444455156
33.82082665317734,4.574535250187143,-0.5239107754636114
26.855010660980806,9.260127931769729,-2.6993603411513876
28.713830648602382,3.2885637466796247,-0.36594745167997533
31.653333333333336,7.922380952380952,-1.0243697478991596
37.126480977243595,1.3331008187608895,-0.20118070647151837
27.685855097730254,12.513080989260292,-2.2941853577854525
30.70370172044988,4.474636324778627,-0.4199525935642112
27.480586770742207,2.2253549559249017,-0.20577350111028841
29.661124068954475,1.7995864968425694,-0.13188978430166465
29.81005439135048,2.419806166248545,-0.25443191414146626
33.733321739196384,-0.2410359471951883,-0.027053512786563462
28.563225280336916,2.78581052806584,-0.26157349193267876
30.820264497962846,3.8311228653124494,-0.2426229539270471
31.743942782970045,2.644899203093652,-0.1981640117561143
29.719616204690848,13.63539445628996,-2.823027718550102
32.518147035770916,2.685983067505359,-0.17206962926878247
39.99792537609076,1.8845337687926826,-0.22210701799113028
40.340397985076606,0.9915935371513385,-0.12770247307342356
32.25634062706996,3.397552397944561,-0.33209667925318137
24.80170575692964,16.120469083155644,-4.897654584221746
36.45398249127362,2.512294681892571,-0.27223918167507083
42.1685169898335,-0.6119074313995181,0.07252085286092474
32.273476942673476,3.5874692336780902,-0.34882872363715944
41.7480395859165,2.170069202477005,-0.09804236339276164
31.105910752003208,4.570065153496285,-0.8068305003296812
41.29420612227299,-0.20653170080303457,-0.031325020305535016
32.86513949452723,2.926156562550048,-0.18373358379196472
21.020417742314013,9.825314871313465,-1.7997340217476343
35.58223528642416,2.167543650977932,-0.13052692035396518
32.51890523546367,-0.5249433482667127,0.06724852174753693
31.3191929353901,4.497708473060593,-0.5945674044265603
42.90189275075799,1.908732659736084,-0.10839033257481727
25.703624733475483,19.94349680170575,-4.782515991471213
27.48456731912908,3.0043549094851763,-0.22208048100188527
48.78100918274605,-0.68266878709848,-0.05317064895259403
32.45255667962652,3.155418295567304,-0.18772885512429108
34.93131468983474,2.248733095700906,-0.18164948238654666
27.260951009874614,4.16784408760618,-0.3152414249984122
39.34742984520409,-0.1391751355992862,-0.024516387064733355
25.000000000000004,28.999999999999986,-33.999999999999986
31.371291337284212,2.3630478111248663,-0.1910568450742128
41.5764866505318,2.1835151433611033,-0.20224817591158656
32.46346033728922,3.3351030605871133,-1.0512179887570223
25.018145873723828,3.861968795464162,-0.2210199254427428
31.929953012866306,2.7506971630007437,-0.2596317423715007
27.71475667898917,2.8027948206785767,-0.16206347055825446
32.56080930024592,7.533758104180635,-1.3420523138832992
28.862056938901436,3.1089883625824624,-0.2385296233358698
32.898426830412525,3.2325891287432524,-0.30419161222634883
36.72550564811385,2.4464199232133206,-0.17776086571240868
25.728144989339018,14.237739872068234,-3.311300639658849
37.89089980296288,2.439061121320475,-0.20002255644085853
36.89413665171825,3.5608057126578143,-0.3917296208226902
34.39174472174545,3.383839542199027,-0.28424148281113915
41.27168853914823,0.8935146441531887,-0.08786586689235729
30.66692097948028,3.216183582891598,-0.2894256732102454
37.244406144829426,1.607453955954279,-0.09382626422690597
33.138836315111604,3.811548044745149,-0.36134186181621
38.40421672742023,-0.45193089727843255,-0.04430483047893697
19.570143660212384,14.721673953778883,-3.0743285446595867
37.442380140475485,2.8411325228810376,-0.18167791487502433
19.892307692307682,9.990570719602983,-1.9007444168734497
35.17040632869287,4.043456215389356,-0.28931004775710206
23.000000000000004,40.99999999999999,-29.99999999999999
34.70257058128329,2.790164444035854,-0.18243990556622786
35.495444641471074,1.811874544487836,-0.12330791152946842
31.952086441870623,2.313354526901815,-0.2302183610896015
31.044930913791756,3.255046055892583,-0.24709727986382704
33.510998634292804,2.6192259539336815,-0.2738456172740635
35.03805451645342,3.940459999753581,-0.36119969937382146
32.62576542628359,0.0520489872821386,0.04569006123410344
38.12284114484363,0.6777817162039583,-0.0755119506487819
29.320536122831783,1.2399902954455049,-0.09725086277255741
33.23296301596675,1.0329063405396979,-0.054826367531613907
31.598731062233977,-1.5267977944804711,0.18477752203768621
29.79957356076759,6.5948827292110925,-2.025586353944564
17.999999999999986,81.00000000000001,-62.0
28.939287726704055,5.1664724739829495,-0.48454894769849777
30.951824938069194,3.765068985653589,-0.32961253239105953
33.227272574384145,1.8734814212320454,-0.17789098329284314
32.62766376876427,1.394964701065552,-0.12966257270424214
25.953833774767844,11.204501514287944,-1.5628345682323617
32.666896337990266,1.9469023277678292,-0.12993078584554882
30.920000000000005,4.177142857142856,-0.45154061624649855
39.05090789674462,0.1499572091048306,-0.1296132897242135
39.36274595287221,1.7224226186132279,-0.1737765263270622
32.37070060460667,0.7169881283437082,-0.07097014510628806
35.32017489069334,5.408994378513416,-1.7426608369768866
34.214889904665895,3.109312492951103,-0.2703323094478308
38.02721447671585,3.2267245197131973,-0.38252524063391663
37.07054035418172,-0.35205372709282595,0.053435585229533976
37.1125642745361,-0.9911692376481093,0.5305164319248824
33.000000000000014,8.999999999999984,6.0000000000000115
31.00000000000002,17.99999999999995,-11.999999999999963
26.458914062362034,3.2579485846978997,-0.2881845952144481
31.42311731167121,0.9153835961559683,-0.04070395171508425
34.21056769254246,0.41655443731630887,-0.10550443499432727
46.08879513539081,1.7326914857017643,-0.15633982889328343
31.751244632183123,3.6371317874273394,-0.3007806613586366
35.14644449659705,2.413752640225298,-0.3337244778221074
48.131045102456504,-0.6705591533184105,0.03671250299725877
31.937434309104756,2.2320887169460435,-0.23914376508698884
26.260535332070287,2.721779944844537,-0.17153851041736992
26.880075099741852,5.470468591097552,-1.2299147305014477
34.45127632659502,0.8442928719825432,-0.03919146481779642
24.02727272727272,13.572727272727283,-3.5454545454545503
27.194472060815208,3.443690404319459,-0.30229326974565196
30.44221096716901,3.3577977521274596,-0.2405303227750865
34.16898612589339,1.7490591215687843,-0.12485558665227295
29.81235122539982,11.875280785865158,-2.3484762128273053
39.327256564987735,0.801910146474779,-0.15764592337632305
32.52541295820141,2.813228404814185,-0.22956296421960837
39.89333333333333,6.462380952380956,-0.7929971988795521
37.21738580327942,2.686844098031424,-0.22252687107098504
26.98603533205872,1.4581493259651699,-0.09671566955218912
40.21027104691267,0.4860112156689506,-0.11550129794309863
26.436363636363637,33.16363636363637,-12.727272727272732
36.65257515488715,4.784317151436681,-0.4075889826773158
37.314836462708186,4.950008281465873,-0.4932114913110858
34.07466561024178,5.865993890805968,-0.5125467832904153
34.24175397378719,4.65635853699688,-0.39840698329624474
27.801028392577674,9.141292197630234,-1.511737089201879
33.17932891974423,-0.8106272128350552,0.14701586820955517
35.86352168593284,3.4461071658400666,-0.3416514157957633
34.58737981867907,2.8162831392346117,-0.23816293904281974
29.773040503975334,2.5296223881205275,-0.13931350704320125
33.560514523789024,2.3432206522223202,-0.13828662033434622
36.686889590013024,3.5670068455954667,-0.38471526284413893
33.83854767728218,1.084430323528419,-0.10499274531056979
39.09776221715642,1.9909168211861383,-0.16396893004780497
38.69784841882194,3.230260981811733,-0.2820341739556506
36.035457176541726,0.4884864980945835,-0.04587525716969704
39.08351048353239,-0.8289695781850851,-0.020750977840665687
32.04542895621491,3.1679142210777593,-0.2189860785058914
30.37333333333333,0.6138095238095246,-0.04173669467787127
32.25482101737376,1.3967789274476208,-0.061204627956512915
50.16511551646195,-2.4718887986420683,0.1588797978639622
37.92004547302659,1.4715428700322457,-0.10048325752915936
28.26557081537744,2.308495343232257,-0.18250056154164698
26.38284105005534,12.75632815905052,-2.45073255774969
24.558635394456285,22.70362473347549,-6.481876332622602
38.8606639839034,5.131287726358157,-0.7474849094567416
42.43185550082101,7.197044334975378,-0.8899835796387531
34.77925598599001,-0.6888898598338157,0.054723725368363174
25.11818181818182,20.481818181818177,-9.363636363636362
30.200090794413207,-1.7651448019250708,0.20393107585693163
29.16290289952473,1.177397215791084,-0.11551039667329141
42.09709514461507,0.8768618341349547,-0.11688766665166674
40.03600121691052,1.965368281284497,-0.11293953073125457
32.87705412882384,0.8368638586109122,-0.06481659623307363
45.00071318158598,-1.012323114381057,0.0341995448906344
41.32416353988274,0.708933772204584,-0.17192936232562553
30.097064334790765,3.691880074953144,-0.17676452217363942
39.25394794178427,-0.4587483849737139,-0.026961298185865512
36.45851605156138,3.574097908221819,-0.30853893971459434
36.425936964916865,1.665122345419904,-0.24925511696148367
41.3381058844826,3.80810155326684,-0.429349531006102
38.787257963772646,2.4732667083073028,-0.3204247345409108
30.941536539662728,3.3361648969393998,-0.8819487820112404
33.513333333333314,4.2204761904761945,-0.6338935574229696
32.102974417394634,1.9875356709261656,-0.15715489356297904
36.6221606606194,0.9932245379957518,-0.09757271845865549
42.528983131004594,0.21605137182017672,-0.037219075166969394
37.83697806243965,-0.15655449418129616,-0.0035170988246952966
43.063333333333325,-0.18190476190475993,0.025770308123249076
34.832417823626486,-0.45903233688153505,-0.007820166919667115
35.03528756144974,1.1281073155845034,-0.10910683128445603
40.87795401708416,1.1061228416187137,-0.10623041120012544
27.14506487785803,4.0142836774271915,-0.3624491178594347
30.618161959122105,1.1115179580524346,-0.09735805377582918
31.999999999999993,27.000000000000025,-18.00000000000001
37.483712588667814,2.1731860338339146,-0.15059409725019549
33.085833417841016,2.7412818882205103,-0.272994538118963
28.725834351316607,-0.16557692768318466,-0.02261324331252496
31.603230494075557,3.850156494522696,-0.5107310529845747
38.269524391851405,1.0916156967598802,-0.12568193125357857
32.870377706654466,2.046759596675666,-0.22852612613978673
40.84335585852069,1.5983897603792911,-0.21734173190882652
33.18713936448395,4.510048189400581,-0.4860567084574256
34.88373127687974,2.848188244599336,-0.47436848089376626
36.78692379636361,1.4160683452534786,-0.14882512339897983
34.521742045797424,5.996524401828324,-0.9701053855008333
37.7593333252271,-0.600428556885035,0.08540615951981494
39.88999564982927,1.7053635994013985,-0.17995490607327402
35.48178315965774,1.224827394809415,-0.13487168948864178
31.694937271240445,2.898563629838465,-0.27491117195852705
40.86321194698858,0.38092247891736025,-0.1641899140776962
37.334342370757746,1.320428458646368,-0.1954468212951757
34.304616250073984,0.5051342945944506,-0.054744577407520346
35.0350609536985,1.3115456771498213,-0.03117849863133706
36.10170253741007,0.7038647333838108,-0.0786110918928545
36.00000000000001,1.9999999999999798,-3.9999999999999862
30.18954471056202,1.104789357909108,-0.11574392184477526
33.78798177667041,0.27930370731216736,-0.02325019357785863
35.01503604765665,4.121042789947405,-0.3994764631121629
35.831963045346974,0.9678532807774567,-0.05372982122598985
35.02380611293099,1.4056963717803046,-0.2719509361042404
33.0908082524942,1.5721441227177575,-0.19764749651265592
35.108743650477585,1.197513393844064,-0.1117895320846257
36.88319214207069,1.0568090528132656,-0.14341650423152183
37.293780442175766,-0.6696500267546102,0.01941541949106292
36.87321005638164,-0.8073755770610521,0.0891131053869144
35.194665401736856,2.2558132592066737,-0.18308532305467254
30.227923094120253,6.827073552425673,-1.3326626425217984
38.656906865480565,2.4928424090536168,-0.23137089210541184
34.09296421948074,2.238493374572489,-0.3045540927513989
35.79699592203057,2.219410003050073,-0.2438447924239569
32.51237484392562,4.0585927159647905,-0.39638865419659647
36.38999999999999,3.2614285714285756,-0.5879551820728296
33.893027974725435,1.4666193107775178,-0.09374096676147267
35.09891331029043,2.0519693763143985,-0.22082092176232046
38.46748441682935,1.7218665863491938,-0.17699301757760288
41.54587108141077,2.0571336639715736,-0.1576154998763179
37.27363616460895,0.5022655954568634,-0.03675373010555054
36.639062827269804,1.6854655962150598,-0.08620920056372085
30.362213325342662,1.3353711476520769,-0.11644298199449403
32.526367815939466,1.3615134044966861,-0.13726257687434015
37.23977733570522,0.5974324515155018,-0.04940903072699052
35.321004551809104,0.9356716361575748,-0.05576075430330332
31.00000000000003,-31.000000000000078,46.00000000000005
37.221839278724644,0.25984688157204844,-0.013195517902516144
38.659088069956276,7.7102435977514086,-1.4846970643347914
42.005118937154144,2.3075628066039857,-0.3266220974952752
35.35606526582958,2.3769707268576035,-0.17701403901505985
32.737234523485725,0.7747132820474371,-0.059295006970697985
36.88709056140759,0.7483424827777685,-0.059644632632814984
30.693566959932003,-0.1255389141253592,0.06656614202407128
33.22916330350489,-0.8629904764553193,0.08473980968722228
42.20280894031169,4.721865815713873,-0.4944769891131996
34.87449710036005,1.1175313776204074,-0.11555342417197469
34.5688288942321,1.584334077948611,-0.1603023700374642
43.56318101049382,4.927705322917735,-1.3813882276684475
38.74999999999999,-2.869047619047615,0.30672268907562983
21.103396251718234,5.401101909902662,-0.42426883919491276
33.45454545454546,13.545454545454545,-7.090909090909092
30.101047168550654,1.001809254016794,-0.025471718677585523
34.60549166862238,2.4863490573417915,-0.5208480012516641
35.2275852285813,3.4836776294259058,-0.5078584370711362
30.999999999999993,45.0,-33.99999999999999
32.75666666666667,0.34238095238095156,-0.0753501400560223
44.04702349243799,-0.6393419798207216,-0.04823050525221294
40.05413830131046,-0.9626416056394926,0.05912251654060044
37.92716160144443,1.099805953257469,-0.04507506759251295
40.41574041414537,3.4610012430137136,-0.36696808313700446
37.203638221225624,2.1303695939177167,-0.32363185234819136
33.14548999129019,2.730707371880835,-0.19026642189453224
29.289980106735587,0.7480966818338127,0.049320890012709874
41.108366638834454,2.041146549575351,-0.1987904819401564
41.68078826323505,1.3503239898020927,-0.1407201576531806
32.25030670266757,4.018998435411353,-0.35083217064345773
33.339313659736185,4.8397607869438914,-0.4577464788732402
37.73467370402348,0.3496172513176086,0.012407937971683169
26.508794168686183,4.899539962336425,-0.43875405044492055
32.39999999999999,7.4000000000000155,-2.0000000000000067
36.77215672745848,0.5098584915048465,-0.11826872682159846
35.064161914373294,1.5684449416459816,-0.15515231189496292
38.82839530254253,1.8615454689709505,-0.16731088239974137
30.69936034115138,8.392324093816633,-2.038379530916844
36.75626429072111,-0.07044290603352381,-0.0051021165334915455
33.5552039854695,-0.4894805710747985,0.01810384583533598
34.60702050198355,0.6549229922112674,-0.015139447473618955
40.96594735629984,-2.7483582607278176,0.2698053606613778
32.90864783614547,0.6388851242167998,-0.07621518086379765
42.33195925434852,1.39845336740177,-0.2040173210719804
35.88962328120703,0.7567389236962818,-0.0033082145709791904
35.86181241950053,2.541784858941682,-0.2502551815840873
49.44786295194601,-1.300020142105008,-0.029527254322204072
38.21346321781087,2.402886217568355,-0.23938155452176244
30.04904051172709,2.5884861407249393,-1.0575692963752648
30.89090909090909,0.7090909090909076,-3.818181818181817
37.510390143921384,3.909567637617863,-0.4673696633030774
34.78903596551859,0.5640482503108923,-0.029780946516211788
37.494179395733795,2.240562546262028,-0.21357916694704254
42.595511077917116,0.6781080306064898,-0.16451947799072242
42.03831990041793,-2.0197278993573256,0.19528892769562525
28.08554983589128,0.8233077381009185,-0.08277224381687275
32.749370457317625,1.6230041577775618,-0.0650724886293737
44.77003761213727,-1.0815528636678144,0.030851998682801796
36.944314404780954,1.0279760519343002,-0.13078376082786328
38.638560519973375,-0.7827501987904896,0.046151615297058524
36.30909090909091,-9.509090909090915,3.818181818181822
38.4909090909091,-9.690909090909107,4.181818181818189
34.412378046736166,6.376638616019054,-1.4067790927682995
33.87511745015549,1.753505159265807,-0.19447357789531292
32.781131231835445,6.041135703107536,-0.8343393695506374
34.32333333333333,2.0638095238095273,-0.4044817927170873
41.79057908449286,-2.5139897320806717,0.2492913202246933
31.858085394135905,1.017540476016718,-0.03574437676459097
30.540903451798897,2.230858537944571,-0.1928708378390924
41.736136081680876,-2.6066388912845966,0.1903564581080459
38.8256666692098,-1.7990952417396386,0.29050420208805444
30.617071719056714,2.582515820310454,-0.21475532422040403
39.394194594790335,-0.5172899920394343,-0.1099674973504598
33.23291414330502,2.0523977374207067,-0.25523139257546246
33.00000000000001,25.999999999999975,-23.99999999999998
41.27326322513511,1.9705036625783803,-0.2871956183639748
35.77676668289871,-1.0753845787351408,0.1146337282744388
37.250670769790695,1.7453562638193645,-0.15282367781820375
34.67697228144989,5.123667377398725,-1.3816631130063972
34.00000000000002,7.999999999999952,-7.999999999999967
30.98666666666668,-0.7442857142857173,0.15210084033613477
35.32199167961738,2.049723398455807,-0.17163802437096728
36.570906835265035,-1.5349293120949048,0.15921530122799982
39.39876754639948,2.40172452520113,-0.2857389272042992
36.91247712122349,1.1124649006286538,-0.11626613228660324
28.601527108511014,2.1416204432955537,-0.20212689061664146
35.481818181818184,-9.88181818181819,3.3636363636363664
29.57736567192099,1.6988926282353207,-0.1581231129807111
32.5369461232776,1.081478508355827,-0.04014383048171207
29.464168050145062,2.2515196715311205,-0.16308723800971697
40.994249578586945,-1.6269442865728414,0.13566362865128512
33.0,8.999999999999996,-5.9999999999999964
37.480370158729535,-2.1377098611878966,0.2151290208227502
35.694000002145756,4.7918571419375295,-0.7066946783319576
40.69085923927931,0.07830023001882573,-0.0717351684293225
34.07185109608674,0.7553995435261872,-0.0420165815271144
37.446019972875426,1.4055425345288801,-0.12552848887957924
35.713078281275045,1.7402834340001325,-0.05488038925972174
34.06344197916432,2.2915194440712074,-0.23553700964944663
39.629878702063806,2.7450043228096175,-0.31435764928847015
35.22748075831345,-0.8962252080547424,0.12202655404873962
37.810234541577834,5.222814498933898,-2.3859275053304896
30.11251238991608,1.3215204433025136,-0.14586510941334643
34.1316658230427,3.4335089026203294,-0.47804030930756003
33.72814498933903,15.23773987206823,-5.311300639658848
28.215142006063726,0.8607703687978013,-0.04894084241672305
32.925965117127646,3.021325787982723,-0.29018861165106496
28.632573111774757,2.0860343407595794,-0.1437139085099382
32.85458535480429,2.534979542824534,-0.22049679139367473
36.319565532621084,2.740059291215967,-0.23597164712248955
29.900754430561776,2.5651281894746476,-0.2018784372351578
40.322067127952316,0.6125998365454652,-0.04455313924167283
37.590375586854464,4.012575452716298,-0.4711602951039572
33.60087505549779,6.673465860497351,-1.3437981264878534
33.8362487691102,0.6062735338076468,-0.017347608969881172
37.06011377781173,2.9030508944005664,-0.5559975296143844
34.00385070668952,5.447507465897592,-0.5045629405258677
43.43537200594049,2.6148994769369853,-0.2682709540331957
40.96300706187954,-0.5385674424045622,0.03409320769166811
35.826681515041216,1.7952653301405659,-0.13279014765675684
39.21959055674991,-0.5928103768148889,0.13774403422334533
33.465339848796056,3.766669257182274,-0.33649376238590195
25.999999999999993,13.000000000000005,-10.000000000000002
39.88264713279279,-2.027003925239007,0.24557734121564695
31.906666666666656,1.7542857142857182,-0.31484593837535063
40.15582520085188,3.523130303251432,-0.4007881485806017
30.134827334236242,3.1484123772308794,-0.24491840349681654
39.74058336285858,-2.7540966641655418,0.27972839543151634
43.31477064343683,0.6780904290502573,-0.11579822634762904
34.285821361648985,4.85652717051842,-1.5771392879450328
37.518825225466834,0.6405270392597491,-0.046333858584506823
41.972955490834806,1.7506020579435102,-0.18905614563499648
31.404505222574258,2.893038873845994,-0.23469881938830317
28.971112789232798,2.2034027925029944,-0.18777990538631326
35.14367978952379,1.955885098627558,-0.17982032562781256
35.28741619793573,3.6717009825131046,-0.40043461132914665
36.63999999999999,4.130476190476195,-0.5025210084033618
33.90377996115202,0.686422486353872,0.010014775926936425
32.93218383171745,0.8292599327768899,-0.06650286566615275
36.092317305379645,7.519175505988068,-1.5902560882312193
30.00000000000001,11.999999999999961,-7.999999999999974
38.35303404452891,2.6061220175481816,-0.2234294112269021
34.41364605543709,4.46375266524521,-2.18123667377399
38.508663089649005,5.004415381175947,-0.5442655935613685
34.388059701492516,10.156716417910463,-3.716417910447765
33.89971377300966,3.923942912482103,-0.3739789670034571
37.607453930842375,0.6322437982013174,-0.01209144980692727
36.050779013082824,2.1199883970705122,-0.0781168789992705
42.210634131992386,0.6373333712103791,-0.05580690904588302
34.44838839916561,0.5358656887154278,-0.028867505551443212
39.93678739101272,2.8063380281690242,-0.45841716968477675
39.74560223584291,3.726037998932835,-0.33912832093151946
36.56436347192272,-2.2635491575422355,0.2260595564070146
38.702710256226005,-1.6354572108124836,0.07952143829441531
38.75919923066455,3.2565948752760305,-0.32787470065686064
36.35666666666665,3.4780952380952455,-0.3232492997198888
40.93943698889279,0.2238939268158273,-0.12557749601639126
41.845900827280204,-1.746814030892662,0.3546893227187866
40.30333333333333,0.3580952380952402,-0.05658263305322156
41.75680942048428,3.998174266132391,-0.353170318423829
36.47531628829285,0.48985528074679296,-0.0789374038394408
37.133856721976684,-0.07059060356852508,0.030637856338736183
30.731498262421056,2.9629042310901,-0.29748860088074014
30.770421903453883,3.3122605123440674,-0.39468008576415253
31.847297005982544,1.166301823502341,-0.053942156126781306
34.8095264887145,3.409006667471889,-0.34010375020448935
31.0,3.999999999999991,6.52675178645049e-15
35.491382128239906,1.375755435317162,-0.15075223739726495
35.71966590782958,1.861298645967588,-0.12131608546065074
42.54607435584211,-0.33610591714558846,0.01853111767173066
32.95129018262566,1.0159669997090015,-0.10408655780841763
37.469574546551776,-1.6444552474827057,0.4289960997306692
33.0,15.000000000000004,-10.000000000000002
35.21263563129995,-1.6606906589651549,0.28123552336061347
29.736363636363638,-8.536363636363648,6.272727272727278
35.48936491604122,-0.2740091926819334,0.02834146955503787
34.14949219010414,-1.9284290847637233,0.27449293277780556
36.004047463552276,3.9267270726535113,-1.1158650963102408
40.50758984880846,2.42847244412304,-0.29124972671162624
33.52070926065493,2.7948383966706283,-0.26675880526492585
40.97996408019426,-1.4161084429294424,0.08046741140844854
35.38504137929981,0.9858897071826563,-0.12653264451922405
32.25614376236296,6.633944636291511,-1.4591701031503912
31.354545454545462,20.445454545454517,-10.09090909090908
30.9169643469224,3.373920208410091,-0.3148114898008712
33.30169516900754,-1.5550302980037605,0.2325512065775507
36.19957619279865,-1.7761670114304626,0.21952764557160726
40.42772704234026,2.0050329104686084,-0.2276388961629557
34.79343588081416,1.1786119040083831,-0.11693124039031445
36.87522725160322,0.9690713533316175,-0.1553733443900968
37.10987981427094,0.13283613960359683,-0.021920148322327557
32.9196666663885,-1.310809530076523,0.1909523817337524
32.93100000103316,-0.40614286354610407,0.11761904851395269
32.58562969463559,0.5505929274752567,-0.026271357900493245
41.00000000000003,-23.00000000000006,18.00000000000004
33.433365290968275,1.5602109972275924,-0.22456308068445688
33.214285299302375,0.8687136411796258,-0.1538426256476742
32.85309167609795,11.08710025622646,-3.314498957286256
32.381025301534535,3.262529297278126,-0.3002151142612959
43.40532969662314,0.9103831235446957,-0.17486786602677729
31.000000000000014,-4.5218662810092733e-14,8.00000000000003
36.73935948849591,-0.2805702540957586,0.016241865689402734
30.0,17.99999999999999,-15.99999999999999
36.5181568973399,2.038077721429834,-0.2083514888546758
33.763636363636365,-9.96363636363637,4.72727272727273
36.211134571017524,1.8768726942487888,-0.1918323851691941
37.045870987403404,-0.26284188629330724,-0.049106336222312086
35.35387993046626,2.161596320073306,-0.2988442131409792
40.77689455731871,3.9714469326214816,-0.31637747787829335
32.2794503435353,2.143160524672074,-0.23735165521548918
33.017674839581645,2.882574623651966,-0.2501369627048642
38.07558231445822,1.3109702157716814,-0.12438405004961227
37.23132228764156,3.097595826752752,-0.2015255224585709
42.33244250241946,3.17194973226658,-0.24883639034090607
34.28335975757981,2.880769111202513,-0.20400333704852708
31.258047213932876,4.17243718529727,-0.40310047802213134
32.190079619000336,5.935631492323015,-0.7077177266085355
33.28736697005296,-0.5234153399486261,0.11373801815224151
36.46985397346883,-0.5076602646750829,0.04323652350527411
33.25595550759102,0.8156116592013926,-0.07015608634889124
30.876708645383303,3.1049405162000143,-0.29521378497545075
34.04050064794457,2.7758426428303955,-0.19546273248297724
49.01684793009105,-2.74244781136024,0.2562098674774469
33.57690189449286,3.159222083209981,-0.38717564250718756
35.645232251266236,-2.8332402163497536,0.47961295169695795
37.65637700373484,-1.2159746636983522,0.1768387032556072
36.34706946075334,5.121208683517326,-0.6981386136696107
38.47126363197001,-2.520523477317135,0.3284527319220906
30.802856224193853,4.18860088946616,-0.5430232299018529
32.473541531303695,2.602136183082868,-0.7888819556322634
35.52137870438461,-0.2070523779053273,-0.03258935251065691
37.7432527759774,8.55217079243209,-1.5956817543731387
39.856495100317964,1.6511123179233829,-0.14751799714725777
38.0062237163386,0.32268695821037346,-0.05796969957436808
40.6168260001719,2.993570152902861,-0.40848749367282017
34.23872579637727,8.377326670830726,-1.7320424734540905
25.000000000000004,56.99999999999997,-37.99999999999997
37.110742364440206,0.9936188505152854,0.006489538508026146
37.61471853203066,2.4431683968916436,-0.2267947701681836
38.188857151143615,4.378877811768314,-0.5249332282957072
31.658892901509418,2.656972226076285,-0.22408036902896922
31.756912143350583,6.689635916329907,-0.7580946512734322
32.9633644359976,3.886923351192693,-0.40394784175524723
36.956494530808214,-3.3110217151494146,0.5625754571216839
28.183454783347827,3.172837855476071,-0.3311781128928021
40.43858258441813,3.6874357333638885,-0.4503169160928426
39.24517686849018,2.4452688460604115,-0.25020358218592026
49.82539849463949,-4.081673779177846,0.3736945301298399
32.10644305856661,1.1103722769251296,-0.1008226129421461
37.45627640871531,1.076030328920337,-0.1416786841409867
41.82899392689051,1.664409407289774,-0.19212182463973404
31.686844873260455,3.8001759534760162,-0.4517741552086764
35.35965021861338,1.182011242973134,-0.5146783260462194
29.650115719738565,0.08440776006698017,0.0852776477854076
31.080023305112537,2.592949052402007,-0.33803120434585304
32.955469711207115,4.9659268833961585,-0.5621102991160319
30.14559579700425,6.403699977643635,-0.6448692152917499
26.051056124201157,1.44954674365741,-0.08381403884059126
43.47616364394611,-1.025188541994963,0.07176374709108917
32.630268269984306,3.7691689716801817,-0.4331816416608129
28.579448683787465,1.4892644872517231,-0.2749211291190332
36.634978138663364,0.09887570268580133,0.4678326046221151
35.868607654422945,2.233793964508445,-0.32763552771059995
37.89165639992231,0.5603127457253747,0.003094348992903935
32.35429022574104,1.0473989322585868,-0.05274400629056945
28.31644175690973,2.8249520534866854,-0.14577805571108515
39.0,-5.000000000000034,2.0000000000000226
34.26638288974776,-3.142679380847332,0.38120252047373143
42.62094126516252,2.601116995280207,-0.3375773967652242
34.55035926510299,1.9843534477213698,-0.23075884347105127
40.28074689573228,2.404149408431568,-0.1789910543055673
34.85501128546007,0.38318593790290495,-0.09564944718754818
37.40868964507309,2.7937713492571277,-0.32832093365295484
37.328144250145655,1.5327469350982532,-0.17246857102836108
37.82715830703496,0.5956355155067995,-0.015237598675147731
36.01569718979972,-1.0136632527076255,0.061572851415139566
31.790860846616436,1.2416011664294946,-0.20674198796005336
40.48927069713387,-0.4894169803558641,-0.056935065910362376
33.9780000078678,1.7379999737796379,-0.34392156575908234
32.98000000000001,5.318095238095235,-0.6801120448179268
34.031666664679854,3.1733333120459593,-0.35098039025352107
39.98666666666667,1.2080952380952332,-0.1448179271708678
35.15733334461847,2.8218571215584203,-0.25767506778407206
35.79933333436649,1.843142838534851,-0.29036414279323286
40.124333345492666,0.9681428300766759,-0.24820727921333682
38.45900000095366,0.8116190463588413,-0.21719888054690178
31.175050301810867,4.785378940308515,-0.5620389000670688
30.000000000000004,9.999999999999986,-7.999999999999989
36.11433334986369,4.135523783990315,-0.6010084007634502
38.47366663654643,2.0993809706824242,-0.3892717121695946
46.82599999547002,2.448380944104431,-0.27103641310325965
37.32065914268485,0.4375353220265072,-0.32445993820040303
39.149999999999984,-0.63571428571428,0.012605042016806092
35.51333333333333,1.7085714285714313,-0.23753501400560253
41.91999999443689,-3.5573809903008575,0.3351540669673629
30.99699998219809,-1.7713333268392695,0.4086274487631666
40.75333333333336,1.9747619047618965,-0.1644257703081223
30.23,4.675238095238096,-0.47282913165266116
36.387782646387095,4.720249801155626,-0.9484072351068495
35.73666666666665,4.767619047619052,-0.5383753501400564
34.86,1.631428571428571,-0.2369747899159663
43.17899997711182,-3.992190491642271,0.46179272016557327
32.35666666666666,4.3709523809523825,-0.6187675070028013
30.92333333333333,6.270952380952383,-0.6775910364145662
39.203333333333326,1.2223809523809568,-0.1616246498599445
37.91333333333334,-1.8080952380952398,0.3801120448179273
34.2263333316644,0.2994285417738415,0.007338939327485739
40.02727272727273,-10.427272727272738,4.454545454545459
38.57999999999998,1.8347619047619106,-0.23893557422969255
38.53133334795634,2.2841904543127356,-0.3570868324164919
37.73333333333334,1.8880952380952354,-0.2310924369747896
35.242510619271165,1.4322043371339188,-0.34775318578135533
33.078586515573136,4.978442350890136,-0.8274382271096664
39.00666666666667,-2.0742857142857147,0.22857142857142865
37.0,15.80000007152559,-15.600000143051156
31.453333333333333,3.603333333333334,-0.35490196078431374
32.203666443103046,3.12899619941874,-0.4372904091213958
32.115053091817614,1.08844472204872,-0.13616489693941292
33.023000002304705,4.275857116324563,-0.6757142816605022
37.519999999999975,7.050952380952389,-0.9599439775910373
27.000000000000007,46.999999999999986,-33.999999999999986
30.480000000000008,1.318095238095235,-0.09187675070027976
31.333333333333318,7.238095238095242,-0.9075630252100843
40.963333338896426,-1.1961904865219462,0.17983193417557125
37.00000000000001,16.99999999999999,-21.99999999999999
32.23667377398719,10.340085287846495,-4.799573560767595
35.133333333333326,0.9666666666666693,-0.019607843137255224
47.316000001430524,-0.5818571477276966,-0.17369747826365164
37.64000000000001,2.9399999999999973,-0.4745098039215683
33.769999999999996,0.0866666666666688,-0.031372549019608086
42.636666666666656,-0.6538095238095196,-0.15042016806722736
49.98299999872844,-0.9010476505756394,-0.033277306135962754
41.81899998784064,-1.5926666878518563,0.2054901991237775
37.17666666666667,-1.313809523809524,0.27703081232493
38.836666666666666,1.605714285714286,-0.2302521008403362
45.59333333333336,-1.8495238095238187,0.38767507002801227
32.783333333333324,1.9023809523809563,-0.1302521008403366
38.073333333333316,0.9447619047619092,-0.14677871148459434
37.24999999999999,1.4047619047619073,-0.2016806722689079
36.96333333333332,-0.13190479000408833,-0.0036414527425585996
35.403655263959436,3.428806155680174,-0.46847752909945006
40.60613682092554,1.8995640509725042,-0.4020791415157616
35.16778448468589,8.566621953945903,-1.3098591549295784
42.001249219238005,-2.0071830106183834,0.26670830730793654
36.50968026763076,-0.28781576687500804,0.04614352604273034
34.89285714285714,2.392857142857144,-0.35714285714285726
33.4686452045607,1.56220657276995,-0.0036887994634469726
38.19522692143529,1.1617147272168373,-0.40261569505246453
31.47851553909761,0.8204784009871354,0.08692153274892997
38.375698636262015,3.0535434831209507,-0.4674714956405101
35.26045159847975,2.6181533646322435,-0.3876592890677405
33.16420746702437,0.9343840822714093,-0.14688128772635856
34.049631120053654,2.2723004694835676,-0.38631790744466793
26.61773977670697,2.882528498402358,-0.40127431272980674
47.88777107086965,-5.384082271406204,0.5003353454057665
44.92664320051682,2.2315056846561907,-0.522635815169171
36.39175610881563,2.981282097726173,-0.3433601546815222
40.65453834115805,0.3890565615917755,-0.02850435949027532
33.015906544824894,3.813268500248014,-0.506438631646831
39.88609434384081,3.8731276548178015,-0.749161636485581
40.19178963485058,-1.2895763840833625,0.09305835629692769
39.453224912275786,2.578632854819712,-0.6834674628687596
35.350212385423646,4.429801028392577,-0.5264922870556673
35.09594882729211,5.151385927505333,-2.2430703624733486
39.41959532256522,6.966454293779586,-1.0623071777348878
32.13737983456292,1.8116476637603454,-0.3293091884641188
35.90937287791672,-3.0335177666964164,0.6361166998933885
38.766180427834506,0.8036384644749347,-0.21378269098014588
33.44344401483483,4.683786010238492,-0.715057003586026
40.41849983595318,0.6668790786585697,-0.22340711413574854
36.95391791646521,1.3666051776582975,-0.16891347798303424
37.16579474625691,1.8708920202184998,-0.07069081096022485
41.988475279455706,-1.8292532964837904,0.3794097925175915
50.844846858931355,-2.5899843505477254,0.36083165660630373
33.68131008271852,-1.1320143080706384,0.28370221327967704
32.62245697130191,5.077006472834755,-0.6688799455532058
36.59367315001118,2.1400625978090764,-0.41381623071763907
37.481779566286605,3.8569192935390153,-0.5016767270288403
39.22971162599069,3.0384305187740703,-0.4379610900987647
32.49502570981442,3.0106751620836207,-0.4020791415157623
34.28621730382295,5.699027498323265,-0.7870556673373564
35.335121842164085,-1.6362620165437036,0.3232729711602947
31.52738654147103,1.4417616811983074,-0.21059691482226778
30.266823161189357,3.964565168790521,-0.42052313883299797
35.56773977196511,6.461099932930924,-0.958417169684776
38.42219986586184,4.225016767270286,-0.8242790073775984
38.507355237497514,1.7726581486551232,-0.2407779976635632
33.144964241752305,4.48582043939327,-0.6926559303368128
29.88599374617155,4.909512562804275,-0.6393695394517913
30.86401743796108,0.2359154929577527,-0.15325285043594986
40.65841158061198,0.9953777926988461,-0.06978537375138767
42.85496870864564,-0.31077020720776505,-0.11351441513524636
39.31556002682762,-1.6354795439302439,0.41247484909456683
48.710051250540886,8.117180192705433,-1.6323375919510799
40.28026492489601,-0.6759725013036127,-0.013246146406126678
33.01278225318338,6.367298229186303,-1.1375251509534052
39.83957632465993,-0.7867259326768351,-0.029610995275714425
30.28948130512726,4.2783255211437705,-0.46136821059873745
37.822546389447794,3.5785267158506606,-0.6193829644533871
37.127431254191805,0.49966465459424036,0.1998658618376917
35.30700871898053,-5.185613682092546,1.0305164319248814
36.41395034156812,-0.20093895459957328,0.3310529832309063
32.93466353677619,-0.8964341605186606,0.28269617706237327
44.388050525374446,5.334954169461219,-1.1485580147551988
40.642454728460805,2.778873223947154,-0.46559356060066637
38.610960215086926,0.831561569779905,-0.34483567887628586
41.867650346523604,1.178627319472383,-0.11267605633802727
35.78512756898113,5.663749846336094,-0.8377197393860151
39.457069098467805,2.9307897766006357,-0.9706194611146529
31.35343816005631,0.9761401861847866,-0.11953375576938285
38.939182619774016,-3.8288798739397154,0.701780266201763
39.48388034490779,2.4172773797751415,-0.8933024803491021
38.13457605525194,1.8962461304634595,-0.36803343726601334
32.46169577899217,6.748348811479545,-1.8611995842692888
35.88011198834049,-1.290164418314623,0.2649188126443488
35.4027894189828,1.1412143360042966,-0.06349951386327891
32.93291313239681,-1.5212726724108951,0.5800784524088901
36.2798135917122,6.748896413763824,-1.0781283177434333
33.84168706205786,6.402074183346194,-1.0339178149551318
31.898145978824154,0.7269733146103932,-0.4281467556936108
44.75307607201528,-7.792190520892701,1.1675551234340251
42.99999999999998,57.90000003576282,-69.80000007152559
45.264837236358346,1.4865513142483309,-0.23159106100859878
25.349683172964095,4.452710631307207,-0.62379723069702
27.932879605726356,8.018696706563409,-1.263709614331535
43.30854594830185,1.3284719661157292,-0.2850884545322499
36.632118564684454,7.742668241871601,-1.5843653908570536
35.58004492573841,-0.6768923011588983,0.04400934276550219
39.08237502933585,2.9619025267933914,-0.47938668544160135
36.79686190364433,-3.325532794671477,0.48810361976285194
36.76998021813097,2.955248576655985,-0.39450162186670923
37.66164882822067,0.7376392241664931,0.024163800282611093
36.49780400308444,8.534660989483806,-1.4347850381645277
37.46994333992689,1.9158815837999283,-0.28933516612465476
40.65004861367218,8.20037773382059,-1.4598406365597172
45.590605826935295,-0.10058001139904765,0.17058369933281597
40.77929392831996,-3.3815782121344022,0.3431566477799729
37.59643276254455,-0.31392476627188776,-0.11238362997221735
36.8775337778703,4.200147485809238,-0.5890501839976499
33.70898847474924,6.200876152986619,-0.7470859703426288
34.552083682569474,2.324236430080137,-0.3419049854158997
38.000000000000014,-7.000000000000048,2.0000000000000315
29.4,11.400000000000007,-6.0000000000000036
41.39905120187227,-0.552199960305136,-0.0458689451422845
34.32004559627183,4.78564164459495,-0.5324482292330228
35.0133033912085,-2.59318292780963,0.5484382184807985
37.04340364368521,2.7889752609830167,-0.5653021215914251
38.318763326226005,11.325159914712168,-3.874200426439237
43.94515036711703,3.0565706686335807,-1.1039438540025286
37.65142320716128,0.0616331958739935,0.13547009979772104
38.040245413080754,2.987424114701131,-0.7834713454538633
37.13728919425361,0.460587133041836,0.011242973141788952
32.83635632145371,2.257205440261067,-0.19622042668276038
34.56784121768867,3.205294978822328,-0.42818028408265585
34.44829182313952,4.428106513204149,-0.6076686658491691
46.97217286351292,1.174584548675144,-0.3440953945530348
44.13322826414526,-6.130318173969847,0.8450196154234977
37.06215844704463,3.5634380483007573,-0.2835909299180833
40.04199212708601,1.2883528284787311,-0.4554464062551887
36.523854226036796,1.3117868597802982,-0.1447905141873709
34.655144667583066,4.4583654630592,-0.5373878253483986
39.390317497569285,-0.9901766855533379,0.04733965869849157
41.61404093322142,0.16082406028952728,-0.42155764172771404
38.331612297582716,3.496205898458905,-0.4255652037862811
37.53219230441916,-1.1785977274041826,0.20530169189027458
36.90991381810409,1.4977213126330684,-0.25853533249275845
34.95232507459683,8.169790234798459,-1.1999642382181712
34.01575753882011,3.347725206073396,-0.7529419636148473
48.36282562778689,1.451380740045385,-0.5255417351169543
46.30298052100445,-7.036611124149257,1.6460924665571461
37.005307275797996,-5.377152739443919,1.4716509736176677
48.528413853220236,-1.457382014058847,-0.056280104156190065
39.190431488248905,4.307260759267336,-0.6171142477173935
36.26920674578389,2.7020612117426572,-1.0243597751405364
34.00000000000001,-1.0000000000000222,-3.999999999999985
32.12279825109307,-1.4560899437851351,0.11742660836976905
34.92279825109306,5.443910056214869,-0.8825733916302319
33.851979964707255,8.576114928752137,-1.9722673354634284
35.429718896748504,0.8541161231589524,0.014990647534592252
36.546008731438796,9.76044974058287,-2.5871330507094923
39.59913801600382,5.179956199361852,-1.454028712295874
33.56046220675475,4.00234224559514,-0.9913179161100357
36.75890068707059,-2.6136789506558475,0.5252966895690209
41.5521798529676,1.2749656547016583,-0.04959400998733938
37.00000000000003,14.999999999999924,-9.999999999999948
30.379262960649612,2.8192379762648208,-0.2273579013116775
48.165359161065425,-10.875815158244754,1.9141786487157624
31.940911930043736,4.08975640224859,-0.5153029356652086
40.54129919526283,7.862529591476055,-2.50262334203809
41.19200499687697,6.145971267957519,-1.9069331667707665
40.17514053716428,4.9929419113054285,-1.0074953154278565
40.0115802571001,3.7584135097536846,-0.8176139981057147
25.048219862585885,-3.2772642098688323,1.0949406620861961
31.78488444722051,5.736914428482186,-0.5271705184259816
41.85214240418456,2.3001811044131384,-0.9475952474718038
31.84712056019099,3.8290567967833415,-0.7797626379800505
41.38735789373324,-5.377307969432273,0.8409119368641942
37.67907557776391,-3.4046845721424233,0.7826358525921324
32.00000000000003,-13.000000000000066,14.000000000000043
39.59225484072456,5.844534665833851,-1.253591505309181
38.41936289818865,2.3386633354153545,-0.3660212367270434
36.556052459872284,3.102698278248406,-0.9227982413240073
33.9563522293596,2.3509744070009573,-0.6387882599750202
29.45034354267682,6.760524653450236,-1.3516552120651915
44.82727272727273,-9.627272727272722,4.454545454545452
34.68757027596851,5.396470937022998,-1.5037476542888002
42.04217361155935,-4.742498445280056,0.8840724527649729
35.75752654590881,-4.355777638975648,0.9319175515302951
39.45090565557857,-4.167707716272012,0.8183635337735502
28.59325421611494,11.838788257339155,-2.6402248594628346
34.084572142411005,-4.236289818863219,1.1561524047470348
37.72479700187385,4.332417239225472,-0.6558400999375367
38.65146783260463,10.004059962523424,-2.4116177389131797
33.11222984062592,2.604678356796405,-0.218925683741119
35.94196126471455,-1.4662773436341543,0.3287320478791996
36.872829481574016,-2.2687695190505877,0.4490943160524661
39.624859462835744,-0.09294191130544012,0.007495315427858787
28.594278590117753,9.332898136625275,-2.4615240353930354
36.220487195502834,7.9821986258588264,-1.425983760149904
34.395003123048106,0.7287320424734409,-0.0668332292317274
28.8106183635228,9.08894440974391,-1.2329793878825734
33.2702061211743,6.196314803247947,-1.4109931292941866
41.87232979387884,11.734103685196747,-2.857589006870705
34.62723297938788,12.143410368519682,-2.785758900687072
30.636102435977516,0.8424109931292895,0.40787008119925133
36.02562148274669,5.6776764026810795,-1.499812603890333
29.342286071205514,9.531855090568387,-1.921923797626482
31.00000000000001,63.99999999999997,-59.99999999999997
34.55085286517132,16.110234501265264,-3.548827279096982
38.92117424647113,-1.396752030457804,0.47070580583151894
30.572727272727267,17.027272727272738,-6.4545454545454595
31.305454540252683,15.814545440673841,-6.509090900421147
41.04088694398513,3.1399000124809175,-1.180637092012527
38.46515925609644,5.925334152275866,-1.808494691622395
35.71404121745609,6.7192629877066015,-1.4821986378467802
35.58794500686318,5.794315984039135,-1.42373514577495
29.550905683947544,8.832292317301677,-2.381636477201747
37.33666458463464,0.8141786383510073,0.3778888194878247
37.41317924936441,1.2492191671431507,-0.8362273400757603
33.86483447845098,3.777201748906929,-0.4578388507183003
37.333041848844495,6.585009369144274,-1.0955652717051823
38.15515302935668,7.107870081199234,-1.274828232354775
38.13691442848219,9.212742036227363,-1.9687695190505943
37.76889441260542,1.1288569308235643,-0.1410368409922235
38.07507807620239,3.318301061836349,-0.6708307307932537
30.89552238805968,9.246268656716431,-3.2686567164179134
30.684572142411003,3.063710181136786,0.15615240474703362
33.397576507458766,2.1639349807842505,-0.33741410068241334
40.35817612453524,6.290487158752683,-1.6693941191685768
33.95490318550907,12.009306683322919,-1.9281698938163636
39.821174230209216,1.5532479438388624,-0.6292941851738023
38.387382885696454,5.022548407245467,-0.9937539038101179
36.94562899786781,8.847547974413642,-2.2622601279317682
38.74965643790423,1.839475338999587,-0.6483447854031921
37.80624609618991,7.864084946908162,-1.666458463460333
30.767590618336868,0.2110874200426544,0.05543710021321706
36.15740162398502,9.0949406620862,-2.3947532792005006
30.19829424307036,14.379530916844347,-4.10234541577825
30.27462684981096,11.595522388466383,-2.522388057668071
32.46012791590905,11.821535181643352,-3.392324091783208
39.74946695095949,8.49360341151386,-2.0319829424307034
29.972727272727266,22.427272727272747,-8.454545454545462
30.00000000000002,-6.000000000000053,16.000000000000036
32.138592750533036,4.663113006396594,-1.684434968017059
31.44243070362473,12.809168443496809,-4.454157782515993
38.36140724946694,-0.16311300639658194,0.684434968017056
43.046908315565034,0.06289978678038044,-0.18550106609808012
34.511727078891255,20.640724946695105,-6.296375266524523
36.8923241010607,7.957889033914367,-2.1605543416700357
28.14520252691407,16.842430704438065,-4.287846477809481
33.000000000000014,4.999999999999965,-5.999999999999977
36.0,5.9999999999999725,-3.9999999999999805
38.23880597014924,-2.634328358208951,1.3283582089552228
36.3955223880597,-16.753731343283594,6.731343283582092
34.43390191897655,14.206823027718537,-3.9658848614072455
30.64381663485374,3.1257995646010306,-0.5710021352717174
36.236673773987214,18.840085287846478,-5.799573560767589
35.179104477611915,1.6492537313432931,-0.25373134328358443
27.611940298507452,8.34328358208956,-1.2835820895522403
36.65031982942429,15.303837953091694,-3.98081023454158
30.60628999385242,9.625479652047938,-2.322601251002318
41.166311300639656,-8.504264392324098,2.978678038379532
29.000000000000004,48.0,-31.999999999999993
36.952132195552025,10.325586322782389,-2.6720682191950416
31.43923240938167,4.770788912579937,-0.6460554371002076
40.24946695095949,11.99360341151386,-3.0319829424307034
34.99147121535184,20.397654584221723,-5.5117270788912505
34.52771855010661,6.832622601279318,-1.3368869936034116
31.01087419920638,2.4304903427929263,0.05245204775064002
34.48176973829391,15.681236597266532,-4.893816608355751
34.14179104477612,9.201492537313435,-2.492537313432836
35.3631130188767,11.00735596426006,-2.713219582653249
40.023560788331515,9.582729114271176,-3.186353916044174
32.548181809078564,10.411818086017274,-6.063636324622419
35.62452026051499,9.544243018891509,-2.628784631361076
36.29669509704177,2.5103411525805743,-0.4982942490181209
36.770788912579945,4.749466950959493,-0.7526652452025597
35.95454545454545,9.045454545454534,-4.090909090909086
35.53624733475478,-1.5650319829424193,0.17484008528784356
29.118017059145195,10.966204662058654,-2.818976546655586
33.89445628997868,4.233475479744136,-1.3326226012793176
39.19936035563949,-5.357675970744464,1.8616204800636242
26.309808089026493,10.717697187527419,-3.0115138477862278
28.542750528880532,16.813006418091902,-4.4349680287497355
29.397654584221762,18.771855010660968,-4.140724946695092
38.60586355540796,10.770362366872586,-3.0481876053535686
36.96993602516807,0.38923242122636026,-0.1038379653938856
33.80703624733476,4.184434968017063,-0.5778251599147137
33.07654584013322,-0.681449882638475,0.5927505272029547
40.996801705756916,-0.03837953091683895,-0.19189765458422353
31.027272727272734,6.57272727272725,-1.5454545454545352
35.0,-11.000000000000007,6.0000000000000036
35.5053304904051,3.0639658848614153,0.31982942430703515
36.58208955223879,12.985074626865684,-5.074626865671645
25.624733475479758,16.496801705756912,-4.515991471215347
29.15458422174841,23.8550106609808,-6.724946695095945
38.76545842217484,-6.814498933901915,1.9275053304904037
39.06823027718549,7.818763326226013,-1.9061833688699361
28.944882718611883,15.538592730630945,-4.10703623955692
33.95842217484008,10.50106609808102,-4.494669509594881
26.0319829424307,5.383795309168443,-0.08102345415778213
39.00191899759175,-2.3769723626850574,0.915138615728189
32.56183368869936,6.242004264392321,-1.2899786780383784
32.42601277731628,0.412153518530365,0.5607675926517538
35.05454545454546,17.145454545454545,-7.090909090909092
39.461194013990074,-2.165671641384364,0.6716417930781974
31.374200426439224,17.99040511727079,-4.547974413646054
35.975479744136464,-1.2942430703624748,0.5287846481876337
37.35714285714287,5.785714285714274,-1.5714285714285683
34.94029850746266,-1.2164179104477375,1.4179104477611886
30.912579957356055,-2.5490405117270583,1.7547974413646004
38.45454545454545,-5.454545454545454,2.9090909090909087
44.06439233194789,1.6227078284027818,-1.0364605361210537
38.32558633015354,12.607036247944778,-3.4648187602760934
31.300639658848628,5.607675906183357,-1.9616204690831525
34.248400852878476,7.980810234541561,-3.0959488272921067
32.76652452025588,0.19829424307035265,-0.008528784648185116
30.896588486140732,-0.74093816631131,0.7953091684434993
34.61684436177902,8.502132126771558,-1.9893390085143041
37.49253731343284,5.410447761194025,-1.4477611940298492
29.049040511727057,9.588486140724958,-3.057569296375269
31.533049040511706,14.39658848614074,-4.017057569296378
41.12046908315565,7.9456289978678045,-1.7718550106609803
33.36855009827279,13.772601322324535,-3.3869936267958485
33.3550106609808,17.260127931769723,-4.699360341151385
36.14285714285713,9.214285714285728,-2.428571428571432
27.701492537313424,24.917910447761205,-6.910447761194032
31.312686578170073,9.152238735385023,-2.4388059535260362
40.01492537313432,5.179104477611952,-1.1044776119403015
30.521321961620473,11.255863539445624,-2.7206823027718534
41.173773987206815,-0.41471215351810997,-0.5735607675906222
38.6,17.60000000000001,-8.000000000000004
33.43636363636364,8.16363636363637,-2.7272727272727297
35.52636364156549,27.453636329824292,-10.627272735942503
39.278181819482285,11.141818042234936,-3.1636362942782297
32.03636363636363,25.763636363636362,-10.727272727272727
34.54545454545455,12.454545454545443,-4.909090909090905
28.190909090909088,15.009090909090919,-4.818181818181823
30.13636363636363,22.863636363636378,-7.727272727272733
34.77363636168567,6.546363666924576,-1.7727273052389023
33.554545454545455,9.645454545454553,-2.090909090909096
38.26363636363636,1.5363636363636508,-0.27272727272727876
36.93636363636364,4.663636363636351,-1.7272727272727215
36.38181818181818,3.0181818181818074,0.36363636363636814
36.25454545454545,13.345454545454547,-5.090909090909091
37.61545454155315,-1.7754545558582633,0.790909073569557
25.54545454545454,24.45454545454547,-8.909090909090915
31.15272725712169,13.40727268565785,-4.254545428536156
38.27272727272727,25.72727272727274,-11.45454545454546
17.681818181818187,35.31818181818182,-10.63636363636364
33.990909090909085,13.809090909090932,-4.818181818181828
39.372727272727275,10.827272727272733,-4.454545454545458
34.89090909090909,7.7090909090909046,-1.818181818181817
35.68454545194452,12.775454586202448,-3.590909134257924
27.790909090909086,27.60909090909092,-10.818181818181822
35.259090912342074,2.540909063816069,-0.8818181753158564
32.836363636363636,-1.436363636363627,1.2727272727272692
33.27272727272728,9.727272727272718,-3.4545454545454515
43.61818181818181,11.981818181818177,-6.36363636363636
31.69090909090909,19.50909090909091,-7.81818181818182
43.19090909090909,-5.990909090909086,1.18181818181818
32.12545455585827,5.83454536307941,-1.509090878746724
34.93636363636363,-8.336363636363624,4.272727272727268
36.04000001170418,5.839999888160029,-1.5999999479814084
26.84545454545455,11.754545454545452,-3.9090909090909087
24.83909090648997,24.520909131657,-6.681818225167016
32.53636363636364,8.26363636363637,-1.7272727272727306
39.90909090909091,13.090909090909108,-6.181818181818189
33.45454545454545,21.545454545454557,-7.090909090909097
33.47272727272727,8.927272727272749,-3.454545454545464
43.00000000000002,-22.000000000000053,20.000000000000032
28.22090908830816,12.539090949838812,-4.318181861530651
30.16363636363637,10.436363636363632,-3.2727272727272716
31.027272727272724,15.572727272727278,-7.545454545454548
37.25454545454545,18.345454545454537,-7.090909090909086
38.163636363636364,4.436363636363629,-3.2727272727272703
34.07272727272727,12.527272727272726,-7.454545454545452
27.40909091234207,26.690909063816072,-11.381818175315859
38.64545454545455,-4.445454545454544,2.0909090909090904
40.61818181818182,15.981818181818191,-6.363636363636368
33.23636363636363,9.963636363636407,-4.727272727272748
38.80909090909091,6.990909090909104,-3.181818181818187
40.36818182468414,4.431818127632132,-2.2636363506317108
33.3918181603605,25.928181772882308,-12.536363612521786
28.40909090909091,13.590909090909086,-5.181818181818181
29.518181818181816,19.88181818181819,-7.363636363636368
36.789999998699535,2.2900000203739532,-1.5000000216744171
35.72727272727272,24.272727272727263,-10.54545454545454
30.627272727272732,16.172727272727272,-5.545454545454546
40.00000000000003,15.999999999999932,-7.999999999999952
36.87454545714638,23.765454457022937,-10.090909047560263
36.963636363636354,4.236363636363654,-1.2727272727272805
35.836363636363636,-3.436363636363636,1.2727272727272727
35.10909090909091,21.29090909090909,-8.181818181818182
38.372727272727275,8.827272727272724,-4.454545454545454
28.7,21.7,-7.000000000000003
31.41818181818181,-4.218181818181803,3.63636363636363
29.827272727272728,8.372727272727284,0.45454545454544953
34.25454545454546,-6.654545454545466,2.909090909090915
40.763636363636365,-4.963636363636371,2.727272727272731
34.709090909090904,7.890909090909097,-2.1818181818181843
30.98181818181818,23.61818181818182,-9.636363636363638
39.00000000000002,2.9999999999999485,-1.9999999999999651
33.35454545454546,16.44545454545455,-6.090909090909093
28.154545454545456,17.245454545454542,-6.09090909090909
38.94545453895223,-5.8454546104778045,3.6909091255881608
38.74545454545455,1.6545454545454559,-0.9090909090909106
41.56363636363636,7.836363636363649,-5.272727272727278
45.845454545454544,4.7545454545454575,-1.9090909090909098
38.54545454545455,12.454545454545443,-4.909090909090905
31.212727277929133,1.7672725504094895,0.5454546321522107
40.11818181818182,-7.518181818181821,2.6363636363636385
33.518181818181816,4.88181818181818,-1.3636363636363629
42.77999998439442,9.579999958385109,-3.799999973990696
34.42727272727272,1.9727272727272858,0.45454545454544915
42.11545454480431,-0.47545453526756976,0.5909090800718836
34.75454543828965,5.645454514026637,-0.8909090757369988
44.24545454545455,5.154545454545454,-1.9090909090909092
40.95454545454545,8.045454545454541,-2.090909090909089
35.67272727272727,6.127272727272724,-3.4545454545454537
29.11818181818182,21.481818181818177,-7.3636363636363615
35.72727272727273,0.2727272727272743,-0.5454545454545462
39.60545453375036,0.4145453756505668,1.0909091342579285
34.59818182208321,3.061818144538184,-1.563636346296829
42.84727272987366,-2.307272815704345,0.45454549789428694
37.00000000000003,-17.400000095367492,13.200000047683753
32.00000000000001,10.999999999999975,-9.999999999999982
40.000000000000014,-12.00000000000005,8.000000000000032
38.000000000000014,0.999999999999948,14.000000000000034
31.000000000000018,8.999999999999957,-5.999999999999971
28.000000000000014,29.90000009536739,-19.80000019073483
25.999999999999993,43.00000000000001,-34.0
33.0,8.999999999999996,-9.999999999999996
31.000000000000014,21.99999999999998,-15.999999999999982
40.00000000000002,1.9999999999999385,4.133609464751977e-14
29.999999999999993,46.00000000000002,-44.00000000000001
40.00000000000003,22.999999999999922,-21.999999999999943
34.00000000000003,30.999999999999932,-21.99999999999995
37.0,37.99999999999999,-27.99999999999999
31.000000000000007,-2.8000001907348873,12.80000019073488
27.000000000000007,50.999999999999986,-37.999999999999986
38.000000000000036,-0.500000357627937,7.400000333786056
35.00000000000001,13.999999999999988,-7.999999999999991
36.00000000000002,8.999999999999952,-1.9999999999999662
34.000000000000014,6.9999999999999725,-1.9999999999999816
39.0,1.9999999999999802,-7.999999999999987
40.000000000000014,18.699999809265115,-18.599999904632554
46.00000000000001,-18.000000000000025,16.000000000000014
37.00000000000001,10.999999999999975,-9.999999999999982
39.00000000000002,-3.7000000476837744,3.0000000000000386
45.000000000000036,-22.199999928474533,14.399999856948922
38.00000000000001,-9.00000000000002,-1.999999999999988
33.00000000000002,-15.000000000000043,14.000000000000027
31.00000000000002,14.999999999999948,2.000000000000036
31.00000000000002,18.999999999999943,-5.99999999999996
34.00000000000001,-2.399999976158164,4.799999952316298
34.00000000000002,-14.000000000000046,20.00000000000003
34.00000000000001,25.999999999999975,-15.999999999999982
36.00000000000002,34.99999999999996,-21.999999999999968
33.0,-3.0000000000000244,6.000000000000016
42.000000000000036,-35.00000000000008,26.00000000000005
37.0,-5.000000000000002,6.000000000000001
41.000000000000014,-6.000000000000049,8.000000000000032
42.00000000000002,2.7999997138976496,-4.799999713897668
34.00000000000003,5.999999999999927,4.00000000000005
46.00000000000002,-10.000000000000062,3.916051071870294e-14
47.000000000000014,-16.000000000000053,16.000000000000032
40.00000000000002,-9.000000000000071,10.000000000000046
